fetched_utc,source,filename,stored_as,vintage,data_through,variant_by_name,variant_by_content,firm_type,n_cols,n_rows,bytes,sha256,last_modified,etag,url
2026-09-10T20:09:44+00:00,index,ia03052025-exempt.xlsx,ia03052025-exempt.xlsx,2025-03-05,2025-03-02,exempt,exempt,ERA,171,5658,3603721,bb08b3c65fd1ac8c4587ac61ccb946e5bad1afb3ee0cf8e9263c6dc0f2b390d9,"Mon, 15 Sep 2025 20:02:40 GMT",,https://www.sec.gov/files/investment/data/information-about-registered-investment-advisers-exempt-reporting-advisers/ia03052025-exempt.xlsx
2026-09-10T20:09:46+00:00,index,ia06012026-exempt_0.zip,ia06012026-exempt_0.zip,2026-06-01,2026-05-30,exempt,exempt,ERA,171,6551,843227,8d0475abe8b9e835bbf9b6390210cc1c61c9e0dbd7193903a3aba8658d0e1f5b,"Fri, 05 Jun 2026 18:14:04 GMT",,https://www.sec.gov/files/investment/data/other/information-about-registered-investment-advisers-exempt-reporting-advisers/ia06012026-exempt_0.zip
2026-09-10T20:09:48+00:00,index,ia07012025-exempt.xlsx,ia07012025-exempt.xlsx,2025-07-01,2025-06-30,exempt,exempt,ERA,171,5819,3702022,f496822ac9855f56ff78c8c31417d87543f6b377128fb1d3e8dc2c1a4069ceb3,"Mon, 15 Sep 2025 20:04:21 GMT",,https://www.sec.gov/files/investment/data/information-about-registered-investment-advisers-exempt-reporting-advisers/ia07012025-exempt.xlsx
2026-09-10T20:09:51+00:00,index,ia07012025.xlsx,ia07012025.xlsx,2025-07-01,2025-06-30,unmarked,registered,Registered,448,16245,20398579,46b65dd02389a4a6b7e2f04d64ee5e77a8f1e1f3c8cf3d5a9499c49791349b67,"Mon, 15 Sep 2025 20:04:11 GMT",,https://www.sec.gov/files/investment/data/information-about-registered-investment-advisers-exempt-reporting-advisers/ia07012025.xlsx
2026-09-10T20:09:53+00:00,index,ia07012026-exempt.zip,ia07012026-exempt.zip,2026-07-01,2026-06-30,exempt,exempt,ERA,171,6535,840628,2750a403631adf136844e5ba0012d0e2cf3c03e56de29ee12a7e68213961aecb,"Wed, 01 Jul 2026 11:41:55 GMT",,https://www.sec.gov/files/investment/data/other/information-about-registered-investment-advisers-exempt-reporting-advisers/ia07012026-exempt.zip
2026-09-10T20:09:55+00:00,index,ia07012026.zip,ia07012026.zip,2026-07-01,2026-06-30,unmarked,registered,Registered,448,16935,5272735,f7b9636b8011611289802a6b581688f32f09176c7307760a1a33e64f161ad98d,"Wed, 01 Jul 2026 11:41:41 GMT",,https://www.sec.gov/files/investment/data/other/information-about-registered-investment-advisers-exempt-reporting-advisers/ia07012026.zip
2026-09-10T20:09:56+00:00,index,ia08012025-exempt.xlsx,ia08012025-exempt.xlsx,2025-08-01,2025-07-31,exempt,exempt,ERA,171,5868,3731557,1a9e5c1463c0d1d017323436f8741ac5c6a08768dea8e72ec7236d516f5d9ebc,"Mon, 15 Sep 2025 20:05:24 GMT",,https://www.sec.gov/files/investment/data/information-about-registered-investment-advisers-exempt-reporting-advisers/ia08012025-exempt.xlsx
2026-09-10T20:09:59+00:00,index,ia08012025.xlsx,ia08012025.xlsx,2025-08-01,2025-07-31,unmarked,registered,Registered,447,16359,20497059,5571262d7c70c846230021ab6620859771df56f90ab469c9d3526c4de721c6a2,"Mon, 15 Sep 2025 20:06:20 GMT",,https://www.sec.gov/files/investment/data/information-about-registered-investment-advisers-exempt-reporting-advisers/ia08012025.xlsx
2026-09-10T20:10:01+00:00,index,ia08032026-exempt_1.zip,ia08032026-exempt_1.zip,2026-08-03,2026-08-02,exempt,exempt,ERA,171,6604,848786,e47e734fbb992e4747d5ed1f8b497492f2c4be416c1e775108784015cb4e5da3,"Mon, 10 Aug 2026 13:22:28 GMT",,https://www.sec.gov/files/investment/data/other/information-about-registered-investment-advisers-exempt-reporting-advisers/ia08032026-exempt_1.zip
2026-09-10T20:10:04+00:00,index,ia08032026_1.zip,ia08032026_1.zip,2026-08-03,2026-08-02,unmarked,registered,Registered,448,17018,5295981,25838ae0c5bab2f25249f3a83a606315166d2ee0ec48bfa4b1b5df2620f781cc,"Mon, 10 Aug 2026 13:21:15 GMT",,https://www.sec.gov/files/investment/data/other/information-about-registered-investment-advisers-exempt-reporting-advisers/ia08032026_1.zip
2026-09-10T20:10:07+00:00,index,ia08102023-exempt.xlsx,ia08102023-exempt.xlsx,2023-08-10,2023-08-09,exempt,exempt,ERA,171,5876,3702951,694933a96c36b1b4e6cfbbfa96c3aef5b27151b60778263242380b94b991ecb7,"Mon, 15 Sep 2025 19:46:30 GMT",,https://www.sec.gov/files/investment/data/information-about-registered-investment-advisers-exempt-reporting-advisers/ia08102023-exempt.xlsx
2026-09-10T20:10:10+00:00,index,ia08102023.xlsx,ia08102023.xlsx,2023-08-10,2023-08-09,unmarked,registered,Registered,448,15486,19429022,d78935235aedd48daaa887badcf3899587b06a261fc1e4e4b51c0b23143c9db9,"Mon, 15 Sep 2025 19:47:49 GMT",,https://www.sec.gov/files/investment/data/information-about-registered-investment-advisers-exempt-reporting-advisers/ia08102023.xlsx
2026-09-10T20:10:11+00:00,index,ia09012026-exempt.zip,ia09012026-exempt.zip,2026-09-01,2026-08-31,exempt,exempt,ERA,171,6686,858379,48e6bf0b9b53494b6357f68c4635025abd0f63b93b0ee0bf0eea3aebe3652b2f,"Tue, 01 Sep 2026 13:37:46 GMT",,https://www.sec.gov/files/investment/data/other/information-about-registered-investment-advisers-exempt-reporting-advisers/ia09012026-exempt.zip
2026-09-10T20:10:14+00:00,index,ia09012026-registered.zip,ia09012026-registered.zip,2026-09-01,2026-08-31,registered,registered,Registered,448,17149,5326806,2302e3ea00819b40f9f595dca53925137e9a6efacbdbfb8d912e66780c92601e,"Tue, 01 Sep 2026 13:33:43 GMT",,https://www.sec.gov/files/investment/data/other/information-about-registered-investment-advisers-exempt-reporting-advisers/ia09012026-registered.zip
2026-09-10T20:10:16+00:00,index,ia09022025-exempt.xlsx,ia09022025-exempt.xlsx,2025-09-02,2025-09-01,exempt,exempt,ERA,171,5937,3772283,6b437fad0c79f2fb63c4d7a7a13b7eec92f3229a3edcaf3025db70ea8044b4e2,"Fri, 12 Sep 2025 20:31:38 GMT",,https://www.sec.gov/files/investment/data/information-about-registered-investment-advisers-exempt-reporting-advisers/ia09022025-exempt.xlsx
2026-09-10T20:10:19+00:00,index,ia09022025.xlsx,ia09022025.xlsx,2025-09-02,2025-07-31,unmarked,registered,Registered,448,16359,20547238,977d83fdd67acdc464d30d892fe1a839fae2d8d6a47661ecb7ec53bd0e7c312c,"Mon, 15 Sep 2025 20:06:58 GMT",,https://www.sec.gov/files/investment/data/information-about-registered-investment-advisers-exempt-reporting-advisers/ia09022025.xlsx
2026-09-10T20:47:48+00:00,backfill,ia010324-exempt.zip,ia010324-exempt.zip,2024-01-03,2024-01-02,exempt,exempt,ERA,184,6038,3857145,fab088551c01eedeaa189c3e703490f67af7bf8a3c3d795e40e299acb4c33f5d,"Wed, 03 Jan 2024 20:18:18 GMT",,https://www.sec.gov/files/investment/data/information-about-registered-investment-advisers-and-exempt-reporting-advisers/ia010324-exempt.zip
2026-09-10T20:48:10+00:00,backfill,ia010324.zip,ia010324.zip,2024-01-03,2024-01-02,unmarked,registered,Registered,461,15495,20250513,5af2c031a7f251427d23784265fac5153bfa536863634cfce724a98f551b8cbc,"Wed, 03 Jan 2024 20:10:56 GMT",,https://www.sec.gov/files/investment/data/information-about-registered-investment-advisers-and-exempt-reporting-advisers/ia010324.zip
2026-09-10T20:48:14+00:00,backfill,ia010523-exempt.zip,ia010523-exempt.zip,2023-01-05,2023-01-03,exempt,exempt,ERA,101,5598,2104816,45454308abdb48eea4fcc66ae560875d508bf966ebf582af5d07bf4309cd8604,"Thu, 05 Jan 2023 16:14:14 GMT",,https://www.sec.gov/files/investment/data/information-about-registered-investment-advisers-and-exempt-reporting-advisers/ia010523-exempt.zip
2026-09-10T20:48:29+00:00,backfill,ia010523.zip,ia010523.zip,2023-01-05,2023-01-03,unmarked,registered,Registered,262,15399,13640987,da7532e3294caf2f25706cf3dc55868f7e8aa6c46e79940be912f3a8c9b0fb83,"Thu, 05 Jan 2023 16:14:02 GMT",,https://www.sec.gov/files/investment/data/information-about-registered-investment-advisers-and-exempt-reporting-advisers/ia010523.zip
2026-09-10T20:48:33+00:00,backfill,ia020323-exempt.zip,ia020323-exempt.zip,2023-02-03,2023-02-02,exempt,exempt,ERA,101,5652,2128750,8e99615eb1d4c54752ffd556d7155841e780cfeb4c2bdb28b5e689db0d534bf5,"Fri, 03 Feb 2023 15:57:15 GMT",,https://www.sec.gov/files/investment/data/information-about-registered-investment-advisers-and-exempt-reporting-advisers/ia020323-exempt.zip
2026-09-10T20:48:50+00:00,backfill,ia020323.zip,ia020323.zip,2023-02-03,2023-02-02,unmarked,registered,Registered,262,15412,13661961,6d37abee23fe22c373ec9a1d4123be8673de7e1809b5d58a813f986d25e9591f,"Fri, 03 Feb 2023 15:54:54 GMT",,https://www.sec.gov/files/investment/data/information-about-registered-investment-advisers-and-exempt-reporting-advisers/ia020323.zip
2026-09-10T20:48:57+00:00,backfill,ia020524-exempt.zip,ia020524-exempt.zip,2024-02-05,2024-02-04,exempt,exempt,ERA,184,5952,3805092,2d60528cc8dda2b8be9529f0e4fc8cb17ae3d26902071eab94f4549bed14a927,"Mon, 05 Feb 2024 18:00:37 GMT",,https://www.sec.gov/files/investment/data/information-about-registered-investment-advisers-and-exempt-reporting-advisers/ia020524-exempt.zip
2026-09-10T20:49:21+00:00,backfill,ia020524.zip,ia020524.zip,2024-02-05,2024-02-04,unmarked,registered,Registered,461,15515,20326929,89a832d677c8c8972ab11f05a8b5ebdd14b84845f120920b75861385567a8718,"Mon, 05 Feb 2024 17:57:44 GMT",,https://www.sec.gov/files/investment/data/information-about-registered-investment-advisers-and-exempt-reporting-advisers/ia020524.zip
2026-09-10T20:49:29+00:00,backfill,ia030124-exempt.zip,ia030124-exempt.zip,2024-03-01,2024-02-29,exempt,exempt,ERA,184,5788,3711986,8d909f0cb6bc843ef45d61760b6a02708cef6da369d66be775b8f1a79f2f7a87,"Fri, 01 Mar 2024 19:34:39 GMT",,https://www.sec.gov/files/investment/data/information-about-registered-investment-advisers-and-exempt-reporting-advisers/ia030124-exempt.zip
2026-09-10T20:49:52+00:00,backfill,ia030124.zip,ia030124.zip,2024-03-01,2024-02-29,unmarked,registered,Registered,461,15539,20369311,d53e06918371dcd704904c6e6ca44d07c79941ac5e17ece040bc0fd1a5002fbe,"Fri, 01 Mar 2024 19:30:42 GMT",,https://www.sec.gov/files/investment/data/information-about-registered-investment-advisers-and-exempt-reporting-advisers/ia030124.zip
2026-09-10T20:49:57+00:00,backfill,ia030223-exempt.zip,ia030223-exempt.zip,2023-03-02,2023-03-01,exempt,exempt,ERA,101,5707,2148638,d0881ccf0fca933cd0a6b574c209c04d8bb64699d997dcd6b9ca98985b31846e,"Thu, 02 Mar 2023 21:16:04 GMT",,https://www.sec.gov/files/investment/data/information-about-registered-investment-advisers-and-exempt-reporting-advisers/ia030223-exempt.zip
2026-09-10T20:50:12+00:00,backfill,ia030223.zip,ia030223.zip,2023-03-02,2023-03-01,unmarked,registered,Registered,262,15403,13661710,ec2016cba4a760d8cd2fde88119b2c8195b39b6c8efbeae826e9496293d8f908,"Thu, 02 Mar 2023 21:16:37 GMT",,https://www.sec.gov/files/investment/data/information-about-registered-investment-advisers-and-exempt-reporting-advisers/ia030223.zip
2026-09-10T20:50:33+00:00,backfill,ia040224.zip,ia040224.zip,2024-04-02,2024-04-01,unmarked,registered,Registered,461,15531,20403648,314c99c72cf2629e5760728a1bcab6b1701b8ca4bade0e436f6c1237db5f5f87,"Tue, 02 Apr 2024 16:56:05 GMT",,https://www.sec.gov/files/investment/data/information-about-registered-investment-advisers-and-exempt-reporting-advisers/ia040224.zip
2026-09-10T20:50:38+00:00,backfill,ia040423-exempt.zip,ia040423-exempt.zip,2023-04-04,2023-04-03,exempt,exempt,ERA,101,5749,2164096,e9b7d835d4acc4c10226724de9a1cf9fdf97ad030b8e2ed6b3adb41b4b01b09b,"Wed, 05 Apr 2023 14:07:53 GMT",,https://www.sec.gov/files/investment/data/information-about-registered-investment-advisers-and-exempt-reporting-advisers/ia040423-exempt.zip
2026-09-10T20:50:54+00:00,backfill,ia040423.zip,ia040423.zip,2023-04-04,2023-04-03,unmarked,registered,Registered,262,15300,13610675,f44fb51ed256f584d2c304f9df066cbc24ff8324bc35dfa31384052ba9310eca,"Wed, 05 Apr 2023 14:01:56 GMT",,https://www.sec.gov/files/investment/data/information-about-registered-investment-advisers-and-exempt-reporting-advisers/ia040423.zip
2026-09-10T20:51:00+00:00,backfill,ia050324-exempt.zip,ia050324-exempt.zip,2024-05-03,2024-05-02,exempt,exempt,ERA,184,5440,3499534,ce517cb1fc09f429ebc5ff4e9d1cbeee4517eba5cd5c495c8ac85362f5d246b6,"Fri, 03 May 2024 14:01:16 GMT",,https://www.sec.gov/files/investment/data/information-about-registered-investment-advisers-exempt-reporting-advisers/ia050324-exempt.zip
2026-09-10T20:51:20+00:00,backfill,ia051023_1.zip,ia051023_1.zip,2023-05-10,2023-04-30,unmarked,registered,Registered,465,15345,20008858,9e2e0887db5fe52f35c5058c82afe52a7b5e639a6d0fff64aee4ec6bd16b3017,"Wed, 10 May 2023 19:51:40 GMT",,https://www.sec.gov/files/investment/data/information-about-registered-investment-advisers-and-exempt-reporting-advisers/ia051023_1.zip
2026-09-10T20:51:28+00:00,backfill,ia060223-exempt.zip,ia060223-exempt.zip,2023-06-02,2023-06-01,exempt,exempt,ERA,184,5842,3725512,562dea46fc2905aa7d7c930e4a3c5ac100dcc76e8e4e8256445b2b892d0fe35d,"Fri, 02 Jun 2023 19:59:07 GMT",,https://www.sec.gov/files/investment/data/information-about-registered-investment-advisers-and-exempt-reporting-advisers/ia060223-exempt.zip
2026-09-10T20:51:55+00:00,backfill,ia060223.zip,ia060223.zip,2023-06-02,2023-06-01,unmarked,registered,Registered,461,15408,20099765,d3df94e052cadb8d460c3b897733d3c3d7e522efee4bbce6b1b9bec3bbe21342,"Fri, 02 Jun 2023 19:55:30 GMT",,https://www.sec.gov/files/investment/data/information-about-registered-investment-advisers-and-exempt-reporting-advisers/ia060223.zip
2026-09-10T20:52:01+00:00,backfill,ia060524-exempt.zip,ia060524-exempt.zip,2024-06-05,2024-06-04,exempt,exempt,ERA,184,5496,3534305,36b2ec79ec593e1f354460d807385dc465a5a57b31560b20972c5a1db00b6eef,"Wed, 05 Jun 2024 19:10:33 GMT",,https://www.sec.gov/files/investment/data/information-about-registered-investment-advisers-and-exempt-reporting-advisers/ia060524-exempt.zip
2026-09-10T20:52:21+00:00,backfill,ia060524.zip,ia060524.zip,2024-06-05,2024-06-04,unmarked,registered,Registered,461,15728,20639667,f69cb6836ce5e656b9244b8730f048ccb9719c3bfcb6467bb3d295d23dc5aff6,"Wed, 05 Jun 2024 19:08:21 GMT",,https://www.sec.gov/files/investment/data/information-about-registered-investment-advisers-and-exempt-reporting-advisers/ia060524.zip
2026-09-10T20:52:27+00:00,backfill,ia070124-exempt.zip,ia070124-exempt.zip,2024-07-01,2024-06-30,exempt,exempt,ERA,184,5486,3532502,54f6dc24e33b8437fa86c0685646f568b8b5f3362d4e9ed49ab4107469c6fc86,"Tue, 02 Jul 2024 13:53:49 GMT",,https://www.sec.gov/files/investment/data/information-about-registered-investment-advisers-exempt-reporting-advisers/ia070124-exempt.zip
2026-09-10T20:52:48+00:00,backfill,ia070124.zip,ia070124.zip,2024-07-01,2024-06-30,unmarked,registered,Registered,461,15754,20676684,790f991509046dacf7943906c1f04237ca6386de679b8d93235206b20af2a1b4,"Tue, 02 Jul 2024 13:49:46 GMT",,https://www.sec.gov/files/investment/data/information-about-registered-investment-advisers-exempt-reporting-advisers/ia070124.zip
2026-09-10T20:52:54+00:00,backfill,ia080124-exempt.zip,ia080124-exempt.zip,2024-08-01,2024-07-31,exempt,exempt,ERA,184,5539,3583871,171fd42c679ae4dbac68629ddc71e275441505ab63fa8667f097ad9b6d557c1d,"Thu, 01 Aug 2024 15:03:15 GMT",,https://www.sec.gov/files/investment/data/information-about-registered-investment-advisers-exempt-reporting-advisers/ia080124-exempt.zip
2026-09-10T20:53:14+00:00,backfill,ia080124.zip,ia080124.zip,2024-08-01,2024-07-31,unmarked,registered,Registered,461,15860,20842581,ba7f576c18882d8db0cdcfa48885792df54b7398eb6901eb56955d45e9c10468,"Thu, 01 Aug 2024 15:00:29 GMT",,https://www.sec.gov/files/investment/data/information-about-registered-investment-advisers-exempt-reporting-advisers/ia080124.zip
2026-09-10T20:53:21+00:00,backfill,ia090324-exempt.zip,ia090324-exempt.zip,2024-09-03,2024-09-02,exempt,exempt,ERA,184,5613,3636128,794f5f617a6fa5c3c371915792ef6f4f5957bcb06575d0e846cbf4b30c8c3c8b,"Tue, 03 Sep 2024 18:18:58 GMT",,https://www.sec.gov/files/investment/data/information-about-registered-investment-advisers-exempt-reporting-advisers/ia090324-exempt.zip
2026-09-10T20:53:44+00:00,backfill,ia090324.zip,ia090324.zip,2024-09-03,2024-09-02,unmarked,registered,Registered,461,15923,20920076,63e89a6126307a7c2333fd3ef31295ec19822430e26923f62a3689ae812d4f11,"Tue, 03 Sep 2024 18:17:39 GMT",,https://www.sec.gov/files/investment/data/information-about-registered-investment-advisers-exempt-reporting-advisers/ia090324.zip
2026-09-10T20:53:49+00:00,backfill,ia090623-exempt.zip,ia090623-exempt.zip,2023-09-06,2023-09-05,exempt,exempt,ERA,184,5914,3780872,053db91337de368f6cfc45d2c4ba519bd30591950209eee6d94239f251e750aa,"Thu, 21 Sep 2023 14:16:24 GMT",,https://www.sec.gov/files/investment/data/information-about-registered-investment-advisers-and-exempt-reporting-advisers/ia090623-exempt.zip
2026-09-10T20:54:08+00:00,backfill,ia090623.zip,ia090623.zip,2023-09-06,2023-09-05,unmarked,registered,Registered,461,15528,20361751,b3aa9d3110499e9b91723fcf542a5f7b0fcd109494a0758a35cdfa4f742d3a10,"Thu, 21 Sep 2023 14:14:15 GMT",,https://www.sec.gov/files/investment/data/information-about-registered-investment-advisers-and-exempt-reporting-advisers/ia090623.zip
2026-09-10T20:54:13+00:00,backfill,ia100124-exempt.zip,ia100124-exempt.zip,2024-10-01,2024-09-30,exempt,exempt,ERA,184,5614,3636025,514cc74c3727b53d025f1912fdb7affea8ab6695ed8c5eaf456613616f0d9eb9,"Tue, 01 Oct 2024 16:23:38 GMT",,https://www.sec.gov/files/investment/data/information-about-registered-investment-advisers-exempt-reporting-advisers/ia100124-exempt.zip
2026-09-10T20:54:37+00:00,backfill,ia100124.zip,ia100124.zip,2024-10-01,2024-09-30,unmarked,registered,Registered,461,15987,20992606,a512121706e35216443de70ebb546066653c3c9e23e30d6edf038d1d62cb1435,"Tue, 01 Oct 2024 16:23:21 GMT",,https://www.sec.gov/files/investment/data/information-about-registered-investment-advisers-exempt-reporting-advisers/ia100124.zip
2026-09-10T20:54:43+00:00,backfill,ia100523-exempt.zip,ia100523-exempt.zip,2023-10-05,2023-10-04,exempt,exempt,ERA,184,5980,3820482,ef06b2909e708da9d7a5baee057890ac9f45e3e2db7369eb4d4c5113be74574a,"Thu, 05 Oct 2023 16:39:04 GMT",,https://www.sec.gov/files/investment/data/information-about-registered-investment-advisers-and-exempt-reporting-advisers/ia100523-exempt.zip
2026-09-10T20:55:07+00:00,backfill,ia100523.zip,ia100523.zip,2023-10-05,2023-10-04,unmarked,registered,Registered,461,15569,20403349,29668c31e800cb4270730459de449a52c3dbdf83d220ea0bb4460e1925b21b3c,"Thu, 05 Oct 2023 16:36:15 GMT",,https://www.sec.gov/files/investment/data/information-about-registered-investment-advisers-and-exempt-reporting-advisers/ia100523.zip
2026-09-10T20:55:13+00:00,backfill,ia110123-exempt.zip,ia110123-exempt.zip,2023-11-01,2023-10-31,exempt,exempt,ERA,184,5947,3798948,a57bd1e26659037d8bbd2c73a8d2430f6c80b114d3501b60bd60616f269d4e87,"Thu, 02 Nov 2023 17:20:00 GMT",,https://www.sec.gov/files/investment/data/information-about-registered-investment-advisers-and-exempt-reporting-advisers/ia110123-exempt.zip
2026-09-10T20:55:35+00:00,backfill,ia110123.zip,ia110123.zip,2023-11-01,2023-10-31,unmarked,registered,Registered,461,15573,20410586,9b1a5d337e91d372d8cfc88a26b0605ec6f53dff6bbca22c505da02f8c852e23,"Thu, 02 Nov 2023 17:18:13 GMT",,https://www.sec.gov/files/investment/data/information-about-registered-investment-advisers-and-exempt-reporting-advisers/ia110123.zip
2026-09-10T20:55:40+00:00,backfill,ia110124-exempt.zip,ia110124-exempt.zip,2024-11-01,2024-10-31,exempt,exempt,ERA,184,5641,3651884,65780a7589dad3d93f7df46cb1679347f0a5b952373c4d5be97828abf31974f2,"Fri, 01 Nov 2024 14:08:04 GMT",,https://www.sec.gov/files/investment/data/information-about-registered-investment-advisers-exempt-reporting-advisers/ia110124-exempt.zip
2026-09-10T20:56:04+00:00,backfill,ia110124.zip,ia110124.zip,2024-11-01,2024-10-31,unmarked,registered,Registered,461,15974,20976175,ea4f7dad2f311cd1315686119173f17b1b228288c601da2512e863f112ae64c9,"Fri, 01 Nov 2024 14:05:59 GMT",,https://www.sec.gov/files/investment/data/information-about-registered-investment-advisers-exempt-reporting-advisers/ia110124.zip
2026-09-10T20:56:09+00:00,backfill,ia120224-exempt.zip,ia120224-exempt.zip,2024-12-02,2024-12-01,exempt,exempt,ERA,184,5649,3655543,74a804ebed7e855f93f01359599bbc08cbad8789c8eac6a59eeb511d261c8d51,"Mon, 02 Dec 2024 15:18:06 GMT",,https://www.sec.gov/files/investment/data/information-about-registered-investment-advisers-exempt-reporting-advisers/ia120224-exempt.zip
2026-09-10T20:56:33+00:00,backfill,ia120224.zip,ia120224.zip,2024-12-02,2024-12-01,unmarked,registered,Registered,461,16005,21014386,8ae2b424172abc4467e96ad0cd676b0eb460ffae70723719f69312d89b037534,"Mon, 02 Dec 2024 15:16:35 GMT",,https://www.sec.gov/files/investment/data/information-about-registered-investment-advisers-exempt-reporting-advisers/ia120224.zip
2026-09-10T20:56:39+00:00,backfill,ia120623-exempt.zip,ia120623-exempt.zip,2023-12-06,2023-12-05,exempt,exempt,ERA,184,6010,3838645,7c640b5d7e337beeaf277e38dcb53adcccb4d63b31e5869c7f9cc89b088b4cd1,"Thu, 07 Dec 2023 17:59:48 GMT",,https://www.sec.gov/files/investment/data/information-about-registered-investment-advisers-and-exempt-reporting-advisers/ia120623-exempt.zip
2026-09-10T20:57:00+00:00,backfill,ia120623.zip,ia120623.zip,2023-12-06,2023-12-05,unmarked,registered,Registered,461,15573,20397948,cbd35796f1bc920c2365772667b7b086417826147b4389dc0be62db7b4769ed6,"Thu, 07 Dec 2023 17:58:17 GMT",,https://www.sec.gov/files/investment/data/information-about-registered-investment-advisers-and-exempt-reporting-advisers/ia120623.zip
